Landmark x, Landmark y
10.000000, -2.000000
15.000000, 10.000000
15.000000, 15.000000
0.000000, 20.000000
3.000000, 15.000000
-5.000000, 20.000000
-5.000000, 5.000000
-10.000000, 15.000000
